,c-index,Loss,TCGA_BRCA_c-index,TCGA_BRCA_Loss
0,0.7019407414385982,0.007333921734243631,0.7019407414385982,0.007333921734243631
