,c-index,Loss,TCGA_BRCA_c-index,TCGA_BRCA_Loss
0,0.41060813900320076,0.3133913576602936,0.41060813900320076,0.3133913576602936
