,c-index,Loss,TCGA_BRCA_c-index,TCGA_BRCA_Loss
0,0.5086909416364407,108.31403350830078,0.5086909416364407,108.31403350830078
