,c-index,Loss,TCGA_BRCA_c-index,TCGA_BRCA_Loss
0,0.8391715976331361,0.3206145465373993,0.8391715976331361,0.3206145465373993
