,c-index,Loss,TCGA_BRCA_c-index,TCGA_BRCA_Loss
0,0.680365296803653,0.5520774126052856,0.680365296803653,0.5520774126052856
