,c-index,Loss,TCGA_BRCA_c-index,TCGA_BRCA_Loss
0,0.7060059171597634,274.70648193359375,0.7060059171597634,274.70648193359375
