,c-index,Loss,TCGA_BRCA_c-index,TCGA_BRCA_Loss
0,0.7075147928994083,0.4195230007171631,0.7075147928994083,0.4195230007171631
