,c-index,Loss,TCGA_BRCA_c-index,TCGA_BRCA_Loss
0,0.7023295944779983,0.6318349838256836,0.7023295944779983,0.6318349838256836
