,c-index,Loss,TCGA_BRCA_c-index,TCGA_BRCA_Loss
0,0.6078515962036238,113.42878723144531,0.6078515962036238,113.42878723144531
