,c-index,Loss,TCGA_BRCA_c-index,TCGA_BRCA_Loss
0,0.6463723997970573,0.6687933802604675,0.6463723997970573,0.6687933802604675
