,c-index,Loss,TCGA_BRCA_c-index,TCGA_BRCA_Loss
0,0.6265854895991883,106.90967559814453,0.6265854895991883,106.90967559814453
