,c-index,Loss,TCGA_BRCA_c-index,TCGA_BRCA_Loss
0,0.5358067299396031,0.7802738547325134,0.5358067299396031,0.7802738547325134
