,c-index,Loss,TCGA_BRCA_c-index,TCGA_BRCA_Loss
0,0.6026747195858498,0.7839388847351074,0.6026747195858498,0.7839388847351074
