,c-index,Loss,TCGA_BRCA_c-index,TCGA_BRCA_Loss
0,0.7257988165680473,0.37489524483680725,0.7257988165680473,0.37489524483680725
