,c-index,Loss,TCGA_BRCA_c-index,TCGA_BRCA_Loss
0,0.7074556213017752,0.4194932281970978,0.7074556213017752,0.4194932281970978
