,c-index,Loss,TCGA_BRCA_c-index,TCGA_BRCA_Loss
0,0.7060355029585799,274.6709289550781,0.7060355029585799,274.6709289550781
