,c-index,Loss,TCGA_BRCA_c-index,TCGA_BRCA_Loss
0,0.839112426035503,0.3206922709941864,0.839112426035503,0.3206922709941864
