,c-index,Loss,TCGA_BRCA_c-index,TCGA_BRCA_Loss
0,0.7257988165680473,0.374895304441452,0.7257988165680473,0.374895304441452
