,c-index,Loss,TCGA_BRCA_c-index,TCGA_BRCA_Loss
0,0.8899112426035503,154.11793518066406,0.8899112426035503,154.11793518066406
