,c-index,Loss,TCGA_BRCA_c-index,TCGA_BRCA_Loss
0,0.6692034500253679,1.2140908241271973,0.6692034500253679,1.2140908241271973
