,c-index,Loss,TCGA_BRCA_c-index,TCGA_BRCA_Loss
0,0.6722475900558093,244.0440673828125,0.6722475900558093,244.0440673828125
