,c-index,Loss,TCGA_BRCA_c-index,TCGA_BRCA_Loss
0,0.5796449704142012,122.14958190917969,0.5796449704142012,122.14958190917969
