,c-index,Loss,TCGA_BRCA_c-index,TCGA_BRCA_Loss
0,0.5796745562130178,0.16505633294582367,0.5796745562130178,0.16505633294582367
