,c-index,Loss,TCGA_BRCA_c-index,TCGA_BRCA_Loss
0,0.5470232959447799,0.24310912191867828,0.5470232959447799,0.24310912191867828
