,c-index,Loss,TCGA_BRCA_c-index,TCGA_BRCA_Loss
0,0.6056945642795514,45.99578857421875,0.6056945642795514,45.99578857421875
