,c-index,Loss,TCGA_BRCA_c-index,TCGA_BRCA_Loss
0,0.5317455621301775,194.85574340820312,0.5317455621301775,194.85574340820312
