,c-index,Loss,TCGA_BRCA_c-index,TCGA_BRCA_Loss
0,0.7997870074547391,0.6217163801193237,0.7997870074547391,0.6217163801193237
