,c-index,Loss,TCGA_BRCA_c-index,TCGA_BRCA_Loss
0,0.969447587696739,0.04236815869808197,0.969447587696739,0.04236815869808197
