,c-index,Loss,TCGA_BRCA_c-index,TCGA_BRCA_Loss
0,0.8902958579881657,0.20819813013076782,0.8902958579881657,0.20819813013076782
