,c-index,Loss,TCGA_BRCA_c-index,TCGA_BRCA_Loss
0,0.6488352027610008,0.7164338827133179,0.6488352027610008,0.7164338827133179
