,c-index,Loss,TCGA_BRCA_c-index,TCGA_BRCA_Loss
0,0.5317455621301775,1260.6956787109375,0.5317455621301775,1260.6956787109375
