,c-index,Loss,TCGA_BRCA_c-index,TCGA_BRCA_Loss
0,0.8899112426035503,154.117919921875,0.8899112426035503,154.117919921875
