,c-index,Loss,TCGA_BRCA_c-index,TCGA_BRCA_Loss
0,0.6402841197361745,0.6456575989723206,0.6402841197361745,0.6456575989723206
