,c-index,Loss,TCGA_BRCA_c-index,TCGA_BRCA_Loss
0,0.6382546930492136,102.70439910888672,0.6382546930492136,102.70439910888672
