,c-index,Loss,TCGA_BRCA_c-index,TCGA_BRCA_Loss
0,0.8903550295857988,0.20818500220775604,0.8903550295857988,0.20818500220775604
