,c-index,Loss,TCGA_BRCA_c-index,TCGA_BRCA_Loss
0,0.5464231354642314,30.84366226196289,0.5464231354642314,30.84366226196289
