,c-index,Loss,TCGA_BRCA_c-index,TCGA_BRCA_Loss
0,0.5470232959447799,38.65491485595703,0.5470232959447799,38.65491485595703
