,c-index,Loss,TCGA_BRCA_c-index,TCGA_BRCA_Loss
0,1.0,0.0010930340504273772,1.0,0.0010930340504273772
