,c-index,Loss,TCGA_BRCA_c-index,TCGA_BRCA_Loss
0,0.644955300127714,1.117052435874939,0.644955300127714,1.117052435874939
