,c-index,Loss,TCGA_BRCA_c-index,TCGA_BRCA_Loss
0,0.7898651525904897,0.36061763763427734,0.7898651525904897,0.36061763763427734
