,c-index,Loss,TCGA_BRCA_c-index,TCGA_BRCA_Loss
0,0.5364751452550033,0.7908342480659485,0.5364751452550033,0.7908342480659485
