,c-index,Loss,TCGA_BRCA_c-index,TCGA_BRCA_Loss
0,0.6575138356747552,2.1064960956573486,0.6575138356747552,2.1064960956573486
