,c-index,Loss,TCGA_BRCA_c-index,TCGA_BRCA_Loss
0,0.9597161107168204,0.21520684659481049,0.9597161107168204,0.21520684659481049
