,c-index,Loss,TCGA_BRCA_c-index,TCGA_BRCA_Loss
0,0.5464231354642314,0.1939951330423355,0.5464231354642314,0.1939951330423355
