,c-index,Loss,TCGA_BRCA_c-index,TCGA_BRCA_Loss
0,0.5797041420118343,0.16507184505462646,0.5797041420118343,0.16507184505462646
