,c-index,Loss,TCGA_BRCA_c-index,TCGA_BRCA_Loss
0,0.49213597158802636,86.53578186035156,0.49213597158802636,86.53578186035156
