,c-index,Loss,TCGA_BRCA_c-index,TCGA_BRCA_Loss
0,0.4542709232096635,44.447845458984375,0.4542709232096635,44.447845458984375
