,c-index,Loss,TCGA_BRCA_c-index,TCGA_BRCA_Loss
0,0.5168343195266272,184.73794555664062,0.5168343195266272,184.73794555664062
