,c-index,Loss,TCGA_BRCA_c-index,TCGA_BRCA_Loss
0,0.7710650887573964,5.452397346496582,0.7710650887573964,5.452397346496582
