,c-index,Loss,TCGA_BRCA_c-index,TCGA_BRCA_Loss
0,0.5957722174288179,42.14093780517578,0.5957722174288179,42.14093780517578
