,c-index,Loss,TCGA_BRCA_c-index,TCGA_BRCA_Loss
0,0.4987316083206494,0.33515310287475586,0.4987316083206494,0.33515310287475586
