,c-index,Loss,TCGA_BRCA_c-index,TCGA_BRCA_Loss
0,0.6164797238999137,0.46147605776786804,0.6164797238999137,0.46147605776786804
