,c-index,Loss,TCGA_BRCA_c-index,TCGA_BRCA_Loss
0,0.4018264840182648,240.2489776611328,0.4018264840182648,240.2489776611328
