,c-index,Loss,TCGA_BRCA_c-index,TCGA_BRCA_Loss
0,0.5225147928994083,1117.9923095703125,0.5225147928994083,1117.9923095703125
