,c-index,Loss,TCGA_BRCA_c-index,TCGA_BRCA_Loss
0,0.7542603550295858,0.022884400561451912,0.7542603550295858,0.022884400561451912
