,c-index,Loss,TCGA_BRCA_c-index,TCGA_BRCA_Loss
0,0.6186367558239861,0.7202175259590149,0.6186367558239861,0.7202175259590149
