,c-index,Loss,TCGA_BRCA_c-index,TCGA_BRCA_Loss
0,0.9992899408284024,0.0031422555912286043,0.9992899408284024,0.0031422555912286043
