,c-index,Loss,TCGA_BRCA_c-index,TCGA_BRCA_Loss
0,0.6652286453839517,1.638748288154602,0.6652286453839517,1.638748288154602
