,c-index,Loss,TCGA_BRCA_c-index,TCGA_BRCA_Loss
0,1.0,0.0013611207250505686,1.0,0.0013611207250505686
