,c-index,Loss,TCGA_BRCA_c-index,TCGA_BRCA_Loss
0,0.847396449704142,0.23336264491081238,0.847396449704142,0.23336264491081238
