,c-index,Loss,TCGA_BRCA_c-index,TCGA_BRCA_Loss
0,0.7710650887573964,0.007368104532361031,0.7710650887573964,0.007368104532361031
