,c-index,Loss,TCGA_BRCA_c-index,TCGA_BRCA_Loss
0,0.9634815896841787,0.14502108097076416,0.9634815896841787,0.14502108097076416
