,c-index,Loss,TCGA_BRCA_c-index,TCGA_BRCA_Loss
0,0.6779551337359793,1.833503007888794,0.6779551337359793,1.833503007888794
