,c-index,Loss,TCGA_BRCA_c-index,TCGA_BRCA_Loss
0,1.0,0.0031651449389755726,1.0,0.0031651449389755726
