,c-index,Loss,TCGA_BRCA_c-index,TCGA_BRCA_Loss
0,1.0,1.888443946838379,1.0,1.888443946838379
