,c-index,Loss,TCGA_BRCA_c-index,TCGA_BRCA_Loss
0,0.6779551337359793,291.5269775390625,0.6779551337359793,291.5269775390625
