,c-index,Loss,TCGA_BRCA_c-index,TCGA_BRCA_Loss
0,1.0,2.3422069549560547,1.0,2.3422069549560547
