,c-index,Loss,TCGA_BRCA_c-index,TCGA_BRCA_Loss
0,1.0,2.342207193374634,1.0,2.342207193374634
