,c-index,Loss,TCGA_BRCA_c-index,TCGA_BRCA_Loss
0,0.6617773943054357,1.3099192380905151,0.6617773943054357,1.3099192380905151
