,c-index,Loss,TCGA_BRCA_c-index,TCGA_BRCA_Loss
0,0.6591889559965487,125.76766204833984,0.6591889559965487,125.76766204833984
