,c-index,Loss,TCGA_BRCA_c-index,TCGA_BRCA_Loss
0,0.705207100591716,314.06719970703125,0.705207100591716,314.06719970703125
