,c-index,Loss,TCGA_BRCA_c-index,TCGA_BRCA_Loss
0,0.5974852071005917,0.47026297450065613,0.5974852071005917,0.47026297450065613
