,c-index,Loss,TCGA_BRCA_c-index,TCGA_BRCA_Loss
0,0.6255392579810182,0.8079862594604492,0.6255392579810182,0.8079862594604492
