,c-index,Loss,TCGA_BRCA_c-index,TCGA_BRCA_Loss
0,0.6752917300862507,0.7157685160636902,0.6752917300862507,0.7157685160636902
