,c-index,Loss,TCGA_BRCA_c-index,TCGA_BRCA_Loss
0,0.6813800101471335,107.68850708007812,0.6813800101471335,107.68850708007812
