,c-index,Loss,TCGA_BRCA_c-index,TCGA_BRCA_Loss
0,0.6864535768645358,1.3502095937728882,0.6864535768645358,1.3502095937728882
