,c-index,Loss,TCGA_BRCA_c-index,TCGA_BRCA_Loss
0,0.9368639053254438,0.17037123441696167,0.9368639053254438,0.17037123441696167
