,c-index,Loss,TCGA_BRCA_c-index,TCGA_BRCA_Loss
0,0.5978402366863905,0.4701714515686035,0.5978402366863905,0.4701714515686035
