,c-index,Loss,TCGA_BRCA_c-index,TCGA_BRCA_Loss
0,0.7056804733727811,313.9541015625,0.7056804733727811,313.9541015625
