,c-index,Loss,TCGA_BRCA_c-index,TCGA_BRCA_Loss
0,0.500862812769629,116.79136657714844,0.500862812769629,116.79136657714844
