,c-index,Loss,TCGA_BRCA_c-index,TCGA_BRCA_Loss
0,0.4542709232096635,249.17315673828125,0.4542709232096635,249.17315673828125
