,c-index,Loss,TCGA_BRCA_c-index,TCGA_BRCA_Loss
0,0.5168343195266272,1178.2967529296875,0.5168343195266272,1178.2967529296875
