,c-index,Loss,TCGA_BRCA_c-index,TCGA_BRCA_Loss
0,0.5168343195266272,1178.2969970703125,0.5168343195266272,1178.2969970703125
