,c-index,Loss,TCGA_BRCA_c-index,TCGA_BRCA_Loss
0,0.5225147928994083,181.14219665527344,0.5225147928994083,181.14219665527344
