,c-index,Loss,TCGA_BRCA_c-index,TCGA_BRCA_Loss
0,0.7542011834319526,0.022880425676703453,0.7542011834319526,0.022880425676703453
