,c-index,Loss,TCGA_BRCA_c-index,TCGA_BRCA_Loss
0,0.4018264840182648,30.325092315673828,0.4018264840182648,30.325092315673828
