,c-index,Loss,TCGA_BRCA_c-index,TCGA_BRCA_Loss
0,0.9952404533949598,0.01675507239997387,0.9952404533949598,0.01675507239997387
