,c-index,Loss,TCGA_BRCA_c-index,TCGA_BRCA_Loss
0,1.0,0.0023092273622751236,1.0,0.0023092273622751236
