,c-index,Loss,TCGA_BRCA_c-index,TCGA_BRCA_Loss
0,0.5086909416364407,721.9686889648438,0.5086909416364407,721.9686889648438
