,c-index,Loss,TCGA_BRCA_c-index,TCGA_BRCA_Loss
0,0.5447301702281782,152.1027069091797,0.5447301702281782,152.1027069091797
