,c-index,Loss,TCGA_BRCA_c-index,TCGA_BRCA_Loss
0,0.6959304983996342,1.3653101921081543,0.6959304983996342,1.3653101921081543
