,c-index,Loss,TCGA_BRCA_c-index,TCGA_BRCA_Loss
0,1.0,0.0023092275951057673,1.0,0.0023092275951057673
