,c-index,Loss,TCGA_BRCA_c-index,TCGA_BRCA_Loss
0,0.5086909416364407,721.96875,0.5086909416364407,721.96875
