,c-index,Loss,TCGA_BRCA_c-index,TCGA_BRCA_Loss
0,0.9988461538461538,0.006604041904211044,0.9988461538461538,0.006604041904211044
