,c-index,Loss,TCGA_BRCA_c-index,TCGA_BRCA_Loss
0,0.9842428604477804,0.07224222272634506,0.9842428604477804,0.07224222272634506
