,c-index,Loss,TCGA_BRCA_c-index,TCGA_BRCA_Loss
0,0.6850733390854185,1.2815688848495483,0.6850733390854185,1.2815688848495483
