,c-index,Loss,TCGA_BRCA_c-index,TCGA_BRCA_Loss
0,0.6722475900558093,1.5348683595657349,0.6722475900558093,1.5348683595657349
