,c-index,Loss,TCGA_BRCA_c-index,TCGA_BRCA_Loss
0,1.0,0.00255195121280849,1.0,0.00255195121280849
